<?xml version="1.0" encoding="UTF-8"?>
<manifest identifier="AI_Avatar_Chatbot_SCORM" version="1.0" 
          xmlns="http://www.imsglobal.org/xsd/imscp_v1p1" 
          xmlns:adlcp="http://www.adlnet.org/xsd/adlcp_v1p3" 
          xmlns:adlseq="http://www.adlnet.org/xsd/adlseq_v1p3" 
          xmlns:imsss="http://www.imsglobal.org/xsd/imsss" 
          xmlns:xsi="http://www.w3.org/2001/XMLSchema-instance" 
          xsi:schemaLocation="http://www.imsglobal.org/xsd/imscp_v1p1 imscp_v1p1.xsd http://www.adlnet.org/xsd/adlcp_v1p3 adlcp_v1p3.xsd http://www.adlnet.org/xsd/adlseq_v1p3 adlseq_v1p3.xsd http://www.imsglobal.org/xsd/imsss imsss_v1p0.xsd">

  <metadata>
    <schema>ADL SCORM</schema>
    <schemaversion>2004 4th Edition</schemaversion>
    <adlcp:location>metadata.xml</adlcp:location>
  </metadata>

  <organizations default="AI_Chatbot_ORG">
    <organization identifier="AI_Chatbot_ORG">
      <title>AI Avatar Chatbot Learning Module</title>
      <item identifier="ITEM_001" identifierref="RESOURCE_001">
        <title>AI Avatar Chatbot Experience</title>
        <adlcp:timeLimitAction>continue</adlcp:timeLimitAction>
        <adlcp:dataFromLMS>Interactive AI Chatbot Session</adlcp:dataFromLMS>
        <adlcp:completionThreshold>0.8</adlcp:completionThreshold>
      </item>
    </organization>
  </organizations>

  <resources>
    <resource identifier="RESOURCE_001" type="webcontent" adlcp:scormType="sco" href="scorm-chat-widget.html">
      <file href="scorm-chat-widget.html"/>
      <file href="scorm-launcher.html"/>
      <file href="scorm-standalone.html"/>
      <file href="index.html"/>
      <file href="index.css"/>
      <file href="index.js"/>
      <file href="server.js"/>
      <file href="package.json"/>
      <file href="scorm-api.js"/>
      <file href="scorm-wrapper.js"/>
      <file href="metadata.xml"/>
      <dependency identifierref="COMMON_RESOURCES"/>
    </resource>
    
    <resource identifier="COMMON_RESOURCES" type="webcontent">
      <file href="favicon.ico"/>
    </resource>
  </resources>
</manifest> 